Xerox	1
Xerox	10
Xerox	100
Xerox	1000
Xerox	1001
Xerox	1002
Xerox	1003
Xerox	1004
Xerox	1005
Xerox	1006
Xerox	1007
Xerox	1008
Xerox	1009
Xerox	101
Xerox	1010
Xerox	1011
Xerox	1012
Xerox	1013
Xerox	1014
Xerox	1015
Xerox	1016
Xerox	1017
Xerox	1018
Xerox	1019
Xerox	102
Xerox	1020
Xerox	1021
Xerox	1022
Xerox	1023
Xerox	1024
Xerox	1025
Xerox	1026
Xerox	1027
Xerox	1028
Xerox	1029
Xerox	103
Xerox	1030
Xerox	1031
Xerox	1032
Xerox	1033
Xerox	1034
Xerox	1035
Xerox	1036
Xerox	1037
Xerox	1038
Xerox	1039
Xerox	104
Xerox	1040
Xerox	1041
Xerox	1042
Xerox	1043
Xerox	1044
Xerox	1045
Xerox	1046
Xerox	1047
Xerox	1048
Xerox	1049
Xerox	105
Xerox	1050
Xerox	1051
Xerox	1052
Xerox	1053
Xerox	1054
Xerox	1055
Xerox	1056
Xerox	1057
Xerox	1058
Xerox	1059
Xerox	106
Xerox	1060
Xerox	1061
Xerox	1062
Xerox	1063
Xerox	1064
Xerox	1065
Xerox	1066
Xerox	1067
Xerox	1068
Xerox	1069
Xerox	107
Xerox	1070
Xerox	1071
Xerox	1072
Xerox	1073
Xerox	1074
Xerox	1075
Xerox	1076
Xerox	1077
Xerox	1078
Xerox	1079
Xerox	108
Xerox	1080
Xerox	1081
Xerox	1082
Xerox	1083
Xerox	1084
Xerox	1085
Xerox	1086
Xerox	1087
Xerox	1088
Xerox	1089
Xerox	109
Xerox	1090
Xerox	1091
Xerox	1092
Xerox	1093
Xerox	1094
Xerox	1095
Xerox	1096
Xerox	1097
Xerox	1098
Xerox	1099
Xerox	11
Xerox	110
Xerox	1100
Xerox	1101
Xerox	1102
Xerox	1103
Xerox	1104
Xerox	1105
Xerox	1106
Xerox	1107
Xerox	1108
Xerox	1109
Xerox	111
Xerox	1110
Xerox	1111
Xerox	1112
Xerox	1113
Xerox	1114
Xerox	1115
Xerox	1116
Xerox	1117
Xerox	1118
Xerox	1119
Xerox	112
Xerox	1120
Xerox	1121
Xerox	1122
Xerox	1123
Xerox	1124
Xerox	1125
Xerox	1126
Xerox	1127
Xerox	1128
Xerox	1129
Xerox	113
Xerox	1130
Xerox	1131
Xerox	1132
Xerox	1133
Xerox	1134
Xerox	1135
Xerox	1136
Xerox	1137
Xerox	1138
Xerox	1139
Xerox	114
Xerox	1140
Xerox	1141
Xerox	1142
Xerox	1143
Xerox	1144
Xerox	1145
Xerox	1146
Xerox	1147
Xerox	1148
Xerox	1149
Xerox	115
Xerox	1150
Xerox	1151
Xerox	1152
Xerox	1153
Xerox	1154
Xerox	1155
Xerox	1156
Xerox	1157
Xerox	1158
Xerox	1159
Xerox	116
Xerox	1160
Xerox	1161
Xerox	1162
Xerox	1163
Xerox	1164
Xerox	1165
Xerox	1166
Xerox	1167
Xerox	1168
Xerox	1169
Xerox	117
Xerox	1170
Xerox	1171
Xerox	1172
Xerox	1173
Xerox	1174
Xerox	1175
Xerox	1176
Xerox	1177
Xerox	1178
Xerox	1179
Xerox	118
Xerox	1180
Xerox	1181
Xerox	1182
Xerox	1183
Xerox	1184
Xerox	1185
Xerox	1186
Xerox	1187
Xerox	1188
Xerox	1189
Xerox	119
Xerox	1190
Xerox	1191
Xerox	1192
Xerox	1193
Xerox	1194
Xerox	1195
Xerox	1196
Xerox	1197
Xerox	1198
Xerox	1199
Xerox	12
Xerox	120
Xerox	1200
Xerox	1201
Xerox	1202
Xerox	1203
Xerox	1204
Xerox	1205
Xerox	1206
Xerox	1207
Xerox	1208
Xerox	1209
Xerox	121
Xerox	1210
Xerox	1211
Xerox	1212
Xerox	1213
Xerox	1214
Xerox	1215
Xerox	1216
Xerox	1217
Xerox	1218
Xerox	1219
Xerox	122
Xerox	1220
Xerox	1221
Xerox	1222
Xerox	1223
Xerox	1224
Xerox	1225
Xerox	1226
Xerox	1227
Xerox	1228
Xerox	1229
Xerox	123
Xerox	1230
Xerox	1231
Xerox	1232
Xerox	1233
Xerox	1234
Xerox	1235
Xerox	1236
Xerox	1237
Xerox	1238
Xerox	1239
Xerox	124
Xerox	1240
Xerox	1241
Xerox	1242
Xerox	1243
Xerox	1244
Xerox	1245
Xerox	1246
Xerox	1247
Xerox	1248
Xerox	1249
Xerox	125
Xerox	1250
Xerox	1251
Xerox	1252
Xerox	1253
Xerox	1254
Xerox	1255
Xerox	1256
Xerox	1257
Xerox	1258
Xerox	1259
Xerox	126
Xerox	1260
Xerox	1261
Xerox	1262
Xerox	1263
Xerox	1264
Xerox	1265
Xerox	1266
Xerox	1267
Xerox	1268
Xerox	1269
Xerox	127
Xerox	1270
Xerox	1271
Xerox	1272
Xerox	1273
Xerox	1274
Xerox	1275
Xerox	1276
Xerox	1277
Xerox	1278
Xerox	1279
Xerox	128
Xerox	1280
Xerox	1281
Xerox	1282
Xerox	1283
Xerox	1284
Xerox	1285
Xerox	1286
Xerox	1287
Xerox	1288
Xerox	1289
Xerox	129
Xerox	1290
Xerox	1291
Xerox	1292
Xerox	1293
Xerox	1294
Xerox	1295
Xerox	1296
Xerox	1297
Xerox	1298
Xerox	1299
Xerox	13
Xerox	130
Xerox	1300
Xerox	1301
Xerox	1302
Xerox	1303
Xerox	1304
Xerox	1305
Xerox	1306
Xerox	1307
Xerox	1308
Xerox	1309
Xerox	131
Xerox	1310
Xerox	1311
Xerox	1312
Xerox	1313
Xerox	1314
Xerox	1315
Xerox	1316
Xerox	1317
Xerox	1318
Xerox	1319
Xerox	132
Xerox	1320
Xerox	1321
Xerox	1322
Xerox	1323
Xerox	1324
Xerox	1325
Xerox	1326
Xerox	1327
Xerox	1328
Xerox	1329
Xerox	133
Xerox	1330
Xerox	1331
Xerox	1332
Xerox	1333
Xerox	1334
Xerox	1335
Xerox	1336
Xerox	1337
Xerox	1338
Xerox	1339
Xerox	134
Xerox	1340
Xerox	1341
Xerox	1342
Xerox	1343
Xerox	1344
Xerox	1345
Xerox	1346
Xerox	1347
Xerox	1348
Xerox	1349
Xerox	135
Xerox	1350
Xerox	1351
Xerox	1352
Xerox	1353
Xerox	1354
Xerox	1355
Xerox	1356
Xerox	1357
Xerox	1358
Xerox	1359
Xerox	136
Xerox	1360
Xerox	1361
Xerox	1362
Xerox	1363
Xerox	1364
Xerox	1365
Xerox	1366
Xerox	1367
Xerox	1368
Xerox	1369
Xerox	137
Xerox	1370
Xerox	1371
Xerox	1372
Xerox	1373
Xerox	1374
Xerox	1375
Xerox	1376
Xerox	1377
Xerox	1378
Xerox	1379
Xerox	138
Xerox	1380
Xerox	1381
Xerox	1382
Xerox	1383
Xerox	1384
Xerox	1385
Xerox	1386
Xerox	1387
Xerox	1388
Xerox	1389
Xerox	139
Xerox	1390
Xerox	1391
Xerox	1392
Xerox	1393
Xerox	1394
Xerox	1395
Xerox	1396
Xerox	1397
Xerox	1398
Xerox	1399
Xerox	14
Xerox	140
Xerox	1400
Xerox	1401
Xerox	1402
Xerox	1403
Xerox	1404
Xerox	1405
Xerox	1406
Xerox	1407
Xerox	1408
Xerox	1409
Xerox	141
Xerox	1410
Xerox	1411
Xerox	1412
Xerox	1413
Xerox	1414
Xerox	1415
Xerox	1416
Xerox	1417
Xerox	1418
Xerox	1419
Xerox	142
Xerox	1420
Xerox	1421
Xerox	1422
Xerox	1423
Xerox	1424
Xerox	1425
Xerox	1426
Xerox	1427
Xerox	1428
Xerox	1429
Xerox	143
Xerox	1430
Xerox	1431
Xerox	1432
Xerox	1433
Xerox	1434
Xerox	1435
Xerox	1436
Xerox	1437
Xerox	1438
Xerox	1439
Xerox	144
Xerox	1440
Xerox	1441
Xerox	1442
Xerox	1443
Xerox	1444
Xerox	1445
Xerox	1446
Xerox	1447
Xerox	1448
Xerox	1449
Xerox	145
Xerox	1450
Xerox	1451
Xerox	1452
Xerox	1453
Xerox	1454
Xerox	1455
Xerox	1456
Xerox	1457
Xerox	1458
Xerox	1459
Xerox	146
Xerox	1460
Xerox	1461
Xerox	1462
Xerox	1463
Xerox	1464
Xerox	1465
Xerox	1466
Xerox	1467
Xerox	1468
Xerox	1469
Xerox	147
Xerox	1470
Xerox	1471
Xerox	1472
Xerox	1473
Xerox	1474
Xerox	1475
Xerox	1476
Xerox	1477
Xerox	1478
Xerox	1479
Xerox	148
Xerox	1480
Xerox	1481
Xerox	1482
Xerox	1483
Xerox	1484
Xerox	1485
Xerox	1486
Xerox	1487
Xerox	1488
Xerox	1489
Xerox	149
Xerox	1490
Xerox	1491
Xerox	1492
Xerox	1493
Xerox	1494
Xerox	1495
Xerox	1496
Xerox	1497
Xerox	1498
Xerox	1499
Xerox	15
Xerox	150
Xerox	1500
Xerox	1501
Xerox	1502
Xerox	1503
Xerox	1504
Xerox	1505
Xerox	1506
Xerox	1507
Xerox	1508
Xerox	1509
Xerox	151
Xerox	1510
Xerox	1511
Xerox	1512
Xerox	1513
Xerox	1514
Xerox	1515
Xerox	1516
Xerox	1517
Xerox	1518
Xerox	1519
Xerox	152
Xerox	1520
Xerox	1521
Xerox	1522
Xerox	1523
Xerox	1524
Xerox	1525
Xerox	1526
Xerox	1527
Xerox	1528
Xerox	1529
Xerox	153
Xerox	1530
Xerox	1531
Xerox	1532
Xerox	1533
Xerox	1534
Xerox	1535
Xerox	1536
Xerox	1537
Xerox	1538
Xerox	1539
Xerox	154
Xerox	1540
Xerox	1541
Xerox	1542
Xerox	1543
Xerox	1544
Xerox	1545
Xerox	1546
Xerox	1547
Xerox	1548
Xerox	1549
Xerox	155
Xerox	1550
Xerox	1551
Xerox	1552
Xerox	1553
Xerox	1554
Xerox	1555
Xerox	1556
Xerox	1557
Xerox	1558
Xerox	1559
Xerox	156
Xerox	1560
Xerox	1561
Xerox	1562
Xerox	1563
Xerox	1564
Xerox	1565
Xerox	1566
Xerox	1567
Xerox	1568
Xerox	1569
Xerox	157
Xerox	1570
Xerox	1571
Xerox	1572
Xerox	1573
Xerox	1574
Xerox	1575
Xerox	1576
Xerox	1577
Xerox	1578
Xerox	1579
Xerox	158
Xerox	1580
Xerox	1581
Xerox	1582
Xerox	1583
Xerox	1584
Xerox	1585
Xerox	1586
Xerox	1587
Xerox	1588
Xerox	1589
Xerox	159
Xerox	1590
Xerox	1591
Xerox	1592
Xerox	1593
Xerox	1594
Xerox	1595
Xerox	1596
Xerox	1597
Xerox	1598
Xerox	1599
Xerox	16
Xerox	160
Xerox	1600
Xerox	1601
Xerox	1602
Xerox	1603
Xerox	1604
Xerox	1605
Xerox	1606
Xerox	1607
Xerox	1608
Xerox	1609
Xerox	161
Xerox	1610
Xerox	1611
Xerox	1612
Xerox	1613
Xerox	1614
Xerox	1615
Xerox	1616
Xerox	1617
Xerox	1618
Xerox	1619
Xerox	162
Xerox	1620
Xerox	1621
Xerox	1622
Xerox	1623
Xerox	1624
Xerox	1625
Xerox	1626
Xerox	1627
Xerox	1628
Xerox	1629
Xerox	163
Xerox	1630
Xerox	1631
Xerox	1632
Xerox	1633
Xerox	1634
Xerox	1635
Xerox	1636
Xerox	1637
Xerox	1638
Xerox	1639
Xerox	164
Xerox	1640
Xerox	1641
Xerox	1642
Xerox	1643
Xerox	1644
Xerox	1645
Xerox	1646
Xerox	1647
Xerox	1648
Xerox	1649
Xerox	165
Xerox	1650
Xerox	1651
Xerox	1652
Xerox	1653
Xerox	1654
Xerox	1655
Xerox	1656
Xerox	1657
Xerox	1658
Xerox	1659
Xerox	166
Xerox	1660
Xerox	1661
Xerox	1662
Xerox	1663
Xerox	1664
Xerox	1665
Xerox	1666
Xerox	1667
Xerox	1668
Xerox	1669
Xerox	167
Xerox	1670
Xerox	1671
Xerox	1672
Xerox	1673
Xerox	1674
Xerox	1675
Xerox	1676
Xerox	1677
Xerox	1678
Xerox	1679
Xerox	168
Xerox	1680
Xerox	1681
Xerox	1682
Xerox	1683
Xerox	1684
Xerox	1685
Xerox	1686
Xerox	1687
Xerox	1688
Xerox	1689
Xerox	169
Xerox	1690
Xerox	1691
Xerox	1692
Xerox	1693
Xerox	1694
Xerox	1695
Xerox	1696
Xerox	1697
Xerox	1698
Xerox	1699
Xerox	17
Xerox	170
Xerox	1700
Xerox	1701
Xerox	1702
Xerox	1703
Xerox	1704
Xerox	1705
Xerox	1706
Xerox	1707
Xerox	1708
Xerox	1709
Xerox	171
Xerox	1710
Xerox	1711
Xerox	1712
Xerox	1713
Xerox	1714
Xerox	1715
Xerox	1716
Xerox	1717
Xerox	1718
Xerox	1719
Xerox	172
Xerox	1720
Xerox	1721
Xerox	1722
Xerox	1723
Xerox	1724
Xerox	1725
Xerox	1726
Xerox	1727
Xerox	1728
Xerox	1729
Xerox	173
Xerox	1730
Xerox	1731
Xerox	1732
Xerox	1733
Xerox	1734
Xerox	1735
Xerox	1736
Xerox	1737
Xerox	1738
Xerox	1739
Xerox	174
Xerox	1740
Xerox	1741
Xerox	1742
Xerox	1743
Xerox	1744
Xerox	1745
Xerox	1746
Xerox	1747
Xerox	1748
Xerox	1749
Xerox	175
Xerox	1750
Xerox	1751
Xerox	1752
Xerox	1753
Xerox	1754
Xerox	1755
Xerox	1756
Xerox	1757
Xerox	1758
Xerox	1759
Xerox	176
Xerox	1760
Xerox	1761
Xerox	1762
Xerox	1763
Xerox	1764
Xerox	1765
Xerox	1766
Xerox	1767
Xerox	1768
Xerox	1769
Xerox	177
Xerox	1770
Xerox	1771
Xerox	1772
Xerox	1773
Xerox	1774
Xerox	1775
Xerox	1776
Xerox	1777
Xerox	1778
Xerox	1779
Xerox	178
Xerox	1780
Xerox	1781
Xerox	1782
Xerox	1783
Xerox	1784
Xerox	1785
Xerox	1786
Xerox	1787
Xerox	1788
Xerox	1789
Xerox	179
Xerox	1790
Xerox	1791
Xerox	1792
Xerox	1793
Xerox	1794
Xerox	1795
Xerox	1796
Xerox	1797
Xerox	1798
Xerox	1799
Xerox	18
Xerox	180
Xerox	1800
Xerox	1801
Xerox	1802
Xerox	1803
Xerox	1804
Xerox	1805
Xerox	1806
Xerox	1807
Xerox	1808
Xerox	1809
Xerox	181
Xerox	1810
Xerox	1811
Xerox	1812
Xerox	1813
Xerox	1814
Xerox	1815
Xerox	1816
Xerox	1817
Xerox	1818
Xerox	1819
Xerox	182
Xerox	1820
Xerox	1821
Xerox	1822
Xerox	1823
Xerox	1824
Xerox	1825
Xerox	1826
Xerox	1827
Xerox	1828
Xerox	1829
Xerox	183
Xerox	1830
Xerox	1831
Xerox	1832
Xerox	1833
Xerox	1834
Xerox	1835
Xerox	1836
Xerox	1837
Xerox	1838
Xerox	1839
Xerox	184
Xerox	1840
Xerox	1841
Xerox	1842
Xerox	1843
Xerox	1844
Xerox	1845
Xerox	1846
Xerox	1847
Xerox	1848
Xerox	1849
Xerox	185
Xerox	1850
Xerox	1851
Xerox	1852
Xerox	1853
Xerox	1854
Xerox	1855
Xerox	1856
Xerox	1857
Xerox	1858
Xerox	1859
Xerox	186
Xerox	1860
Xerox	1861
Xerox	1862
Xerox	1863
Xerox	1864
Xerox	1865
Xerox	1866
Xerox	1867
Xerox	1868
Xerox	1869
Xerox	187
Xerox	1870
Xerox	1871
Xerox	1872
Xerox	1873
Xerox	1874
Xerox	1875
Xerox	1876
Xerox	1877
Xerox	1878
Xerox	1879
Xerox	188
Xerox	1880
Xerox	1881
Xerox	1882
Xerox	1883
Xerox	1884
Xerox	1885
Xerox	1886
Xerox	1887
Xerox	1888
Xerox	1889
Xerox	189
Xerox	1890
Xerox	1891
Xerox	1892
Xerox	1893
Xerox	1894
Xerox	1895
Xerox	1896
Xerox	1897
Xerox	1898
Xerox	1899
Xerox	19
Xerox	190
Xerox	1900
Xerox	1901
Xerox	1902
Xerox	1903
Xerox	1904
Xerox	1905
Xerox	1906
Xerox	1907
Xerox	1908
Xerox	1909
Xerox	191
Xerox	1910
Xerox	1911
Xerox	1912
Xerox	1913
Xerox	1914
Xerox	1915
Xerox	1916
Xerox	1917
Xerox	1918
Xerox	1919
Xerox	192
Xerox	1920
Xerox	1921
Xerox	1922
Xerox	1923
Xerox	1924
Xerox	1925
Xerox	1926
Xerox	1927
Xerox	1928
Xerox	1929
Xerox	193
Xerox	1930
Xerox	1931
Xerox	1932
Xerox	1933
Xerox	1934
Xerox	1935
Xerox	1936
Xerox	1937
Xerox	1938
Xerox	1939
Xerox	194
Xerox	1940
Xerox	1941
Xerox	1942
Xerox	1943
Xerox	1944
Xerox	1945
Xerox	1946
Xerox	1947
Xerox	1948
Xerox	1949
Xerox	195
Xerox	1950
Xerox	1951
Xerox	1952
Xerox	1953
Xerox	1954
Xerox	1955
Xerox	1956
Xerox	1957
Xerox	1958
Xerox	1959
Xerox	196
Xerox	1960
Xerox	1961
Xerox	1962
Xerox	1963
Xerox	1964
Xerox	1965
Xerox	1966
Xerox	1967
Xerox	1968
Xerox	1969
Xerox	197
Xerox	1970
Xerox	1971
Xerox	1972
Xerox	1973
Xerox	1974
Xerox	1975
Xerox	1976
Xerox	1977
Xerox	1978
Xerox	1979
Xerox	198
Xerox	1980
Xerox	1981
Xerox	1982
Xerox	1983
Xerox	1984
Xerox	1985
Xerox	1986
Xerox	1987
Xerox	1988
Xerox	1989
Xerox	199
Xerox	1990
Xerox	1991
Xerox	1992
Xerox	1993
Xerox	1994
Xerox	1995
Xerox	1996
Xerox	1997
Xerox	1998
Xerox	1999
Xerox	2
Xerox	20
Xerox	200
Xerox	2000
Xerox	2001
Xerox	2002
Xerox	2003
Xerox	2004
Xerox	2005
Xerox	2006
Xerox	2007
Xerox	2008
Xerox	2009
Xerox	201
Xerox	2010
Xerox	2011
Xerox	2012
Xerox	2013
Xerox	2014
Xerox	2015
Xerox	2016
Xerox	2017
Xerox	2018
Xerox	2019
Xerox	202
Xerox	2020
Xerox	2021
Xerox	2022
Xerox	2023
Xerox	2024
Xerox	2025
Xerox	2026
Xerox	2027
Xerox	2028
Xerox	2029
Xerox	203
Xerox	2030
Xerox	2031
Xerox	2032
Xerox	2033
Xerox	2034
Xerox	2035
Xerox	2036
Xerox	2037
Xerox	2038
Xerox	2039
Xerox	204
Xerox	2040
Xerox	2041
Xerox	2042
Xerox	2043
Xerox	2044
Xerox	2045
Xerox	2046
Xerox	2047
Xerox	2048
Xerox	2049
Xerox	205
Xerox	2050
Xerox	2051
Xerox	2052
Xerox	2053
Xerox	2054
Xerox	2055
Xerox	2056
Xerox	2057
Xerox	2058
Xerox	2059
Xerox	206
Xerox	2060
Xerox	2061
Xerox	2062
Xerox	2063
Xerox	2064
Xerox	2065
Xerox	2066
Xerox	2067
Xerox	2068
Xerox	2069
Xerox	207
Xerox	2070
Xerox	2071
Xerox	2072
Xerox	2073
Xerox	2074
Xerox	2075
Xerox	2076
Xerox	2077
Xerox	2078
Xerox	2079
Xerox	208
Xerox	2080
Xerox	2081
Xerox	2082
Xerox	2083
Xerox	2084
Xerox	2085
Xerox	2086
Xerox	2087
Xerox	2088
Xerox	2089
Xerox	209
Xerox	2090
Xerox	2091
Xerox	2092
Xerox	2093
Xerox	2094
Xerox	2095
Xerox	2096
Xerox	2097
Xerox	2098
Xerox	2099
Xerox	21
Xerox	210
Xerox	2100
Xerox	2101
Xerox	2102
Xerox	2103
Xerox	2104
Xerox	2105
Xerox	2106
Xerox	2107
Xerox	2108
Xerox	2109
Xerox	211
Xerox	2110
Xerox	2111
Xerox	2112
Xerox	2113
Xerox	2114
Xerox	2115
Xerox	2116
Xerox	2117
Xerox	2118
Xerox	2119
Xerox	212
Xerox	2120
Xerox	2121
Xerox	2122
Xerox	2123
Xerox	2124
Xerox	2125
Xerox	2126
Xerox	2127
Xerox	2128
Xerox	2129
Xerox	213
Xerox	2130
Xerox	2131
Xerox	2132
Xerox	2133
Xerox	2134
Xerox	2135
Xerox	2136
Xerox	2137
Xerox	2138
Xerox	2139
Xerox	214
Xerox	2140
Xerox	2141
Xerox	2142
Xerox	2143
Xerox	2144
Xerox	2145
Xerox	2146
Xerox	2147
Xerox	2148
Xerox	2149
Xerox	215
Xerox	2150
Xerox	2151
Xerox	2152
Xerox	2153
Xerox	2154
Xerox	2155
Xerox	2156
Xerox	2157
Xerox	2158
Xerox	2159
Xerox	216
Xerox	2160
Xerox	2161
Xerox	2162
Xerox	2163
Xerox	2164
Xerox	2165
Xerox	2166
Xerox	2167
Xerox	2168
Xerox	2169
Xerox	217
Xerox	2170
Xerox	2171
Xerox	2172
Xerox	2173
Xerox	2174
Xerox	2175
Xerox	2176
Xerox	2177
Xerox	2178
Xerox	2179
Xerox	218
Xerox	2180
Xerox	2181
Xerox	2182
Xerox	2183
Xerox	2184
Xerox	2185
Xerox	2186
Xerox	2187
Xerox	2188
Xerox	2189
Xerox	219
Xerox	2190
Xerox	2191
Xerox	2192
Xerox	2193
Xerox	2194
Xerox	2195
Xerox	2196
Xerox	2197
Xerox	2198
Xerox	2199
Xerox	22
Xerox	220
Xerox	2200
Xerox	2201
Xerox	2202
Xerox	2203
Xerox	2204
Xerox	2205
Xerox	2206
Xerox	2207
Xerox	2208
Xerox	2209
Xerox	221
Xerox	2210
Xerox	2211
Xerox	2212
Xerox	2213
Xerox	2214
Xerox	2215
Xerox	2216
Xerox	2217
Xerox	2218
Xerox	2219
Xerox	222
Xerox	2220
Xerox	2221
Xerox	2222
Xerox	2223
Xerox	2224
Xerox	2225
Xerox	2226
Xerox	2227
Xerox	2228
Xerox	2229
Xerox	223
Xerox	2230
Xerox	2231
Xerox	2232
Xerox	2233
Xerox	2234
Xerox	2235
Xerox	2236
Xerox	2237
Xerox	2238
Xerox	2239
Xerox	224
Xerox	2240
Xerox	2241
Xerox	2242
Xerox	2243
Xerox	2244
Xerox	2245
Xerox	2246
Xerox	2247
Xerox	2248
Xerox	2249
Xerox	225
Xerox	2250
Xerox	2251
Xerox	2252
Xerox	2253
Xerox	2254
Xerox	2255
Xerox	2256
Xerox	2257
Xerox	2258
Xerox	2259
Xerox	226
Xerox	2260
Xerox	2261
Xerox	2262
Xerox	2263
Xerox	2264
Xerox	2265
Xerox	2266
Xerox	2267
Xerox	2268
Xerox	2269
Xerox	227
Xerox	2270
Xerox	2271
Xerox	2272
Xerox	2273
Xerox	2274
Xerox	2275
Xerox	2276
Xerox	2277
Xerox	2278
Xerox	2279
Xerox	228
Xerox	2280
Xerox	2281
Xerox	2282
Xerox	2283
Xerox	2284
Xerox	2285
Xerox	2286
Xerox	2287
Xerox	2288
Xerox	2289
Xerox	229
Xerox	2290
Xerox	2291
Xerox	2292
Xerox	2293
Xerox	2294
Xerox	2295
Xerox	2296
Xerox	2297
Xerox	2298
Xerox	2299
Xerox	23
Xerox	230
Xerox	2300
Xerox	2301
Xerox	2302
Xerox	2303
Xerox	2304
Xerox	2305
Xerox	2306
Xerox	2307
Xerox	2308
Xerox	2309
Xerox	231
Xerox	2310
Xerox	2311
Xerox	2312
Xerox	2313
Xerox	2314
Xerox	2315
Xerox	2316
Xerox	2317
Xerox	2318
Xerox	2319
Xerox	232
Xerox	2320
Xerox	2321
Xerox	2322
Xerox	2323
Xerox	2324
Xerox	2325
Xerox	2326
Xerox	2327
Xerox	2328
Xerox	2329
Xerox	233
Xerox	2330
Xerox	2331
Xerox	2332
Xerox	2333
Xerox	2334
Xerox	2335
Xerox	2336
Xerox	2337
Xerox	2338
Xerox	2339
Xerox	234
Xerox	2340
Xerox	2341
Xerox	2342
Xerox	2343
Xerox	2344
Xerox	2345
Xerox	2346
Xerox	2347
Xerox	2348
Xerox	2349
Xerox	235
Xerox	2350
Xerox	2351
Xerox	2352
Xerox	2353
Xerox	2354
Xerox	2355
Xerox	2356
Xerox	2357
Xerox	2358
Xerox	2359
Xerox	236
Xerox	2360
Xerox	2361
Xerox	2362
Xerox	2363
Xerox	2364
Xerox	2365
Xerox	2366
Xerox	2367
Xerox	2368
Xerox	2369
Xerox	237
Xerox	2370
Xerox	2371
Xerox	2372
Xerox	2373
Xerox	2374
Xerox	2375
Xerox	2376
Xerox	2377
Xerox	2378
Xerox	2379
Xerox	238
Xerox	2380
Xerox	2381
Xerox	2382
Xerox	2383
Xerox	2384
Xerox	2385
Xerox	2386
Xerox	2387
Xerox	2388
Xerox	2389
Xerox	239
Xerox	2390
Xerox	2391
Xerox	2392
Xerox	2393
Xerox	2394
Xerox	2395
Xerox	2396
Xerox	2397
Xerox	2398
Xerox	2399
Xerox	24
Xerox	240
Xerox	2400
Xerox	2401
Xerox	2402
Xerox	2403
Xerox	2404
Xerox	2405
Xerox	2406
Xerox	2407
Xerox	2408
Xerox	2409
Xerox	241
Xerox	2410
Xerox	2411
Xerox	2412
Xerox	2413
Xerox	2414
Xerox	2415
Xerox	2416
Xerox	2417
Xerox	2418
Xerox	2419
Xerox	242
Xerox	2420
Xerox	2421
Xerox	2422
Xerox	2423
Xerox	2424
Xerox	2425
Xerox	2426
Xerox	2427
Xerox	2428
Xerox	2429
Xerox	243
Xerox	2430
Xerox	2431
Xerox	2432
Xerox	2433
Xerox	2434
Xerox	2435
Xerox	2436
Xerox	2437
Xerox	2438
Xerox	2439
Xerox	244
Xerox	2440
Xerox	2441
Xerox	2442
Xerox	2443
Xerox	2444
Xerox	2445
Xerox	2446
Xerox	2447
Xerox	2448
Xerox	2449
Xerox	245
Xerox	2450
Xerox	2451
Xerox	2452
Xerox	2453
Xerox	2454
Xerox	2455
Xerox	2456
Xerox	2457
Xerox	2458
Xerox	2459
Xerox	246
Xerox	2460
Xerox	2461
Xerox	2462
Xerox	2463
Xerox	2464
Xerox	2465
Xerox	2466
Xerox	2467
Xerox	2468
Xerox	2469
Xerox	247
Xerox	2470
Xerox	2471
Xerox	2472
Xerox	2473
Xerox	2474
Xerox	2475
Xerox	2476
Xerox	2477
Xerox	2478
Xerox	2479
Xerox	248
Xerox	2480
Xerox	2481
Xerox	2482
Xerox	2483
Xerox	2484
Xerox	2485
Xerox	2486
Xerox	2487
Xerox	2488
Xerox	2489
Xerox	249
Xerox	2490
Xerox	2491
Xerox	2492
Xerox	2493
Xerox	2494
Xerox	2495
Xerox	2496
Xerox	2497
Xerox	2498
Xerox	2499
Xerox	25
Xerox	250
Xerox	2500
Xerox	2501
Xerox	2502
Xerox	2503
Xerox	2504
Xerox	2505
Xerox	2506
Xerox	2507
Xerox	2508
Xerox	2509
Xerox	251
Xerox	2510
Xerox	2511
Xerox	2512
Xerox	2513
Xerox	2514
Xerox	2515
Xerox	2516
Xerox	2517
Xerox	2518
Xerox	2519
Xerox	252
Xerox	2520
Xerox	2521
Xerox	2522
Xerox	2523
Xerox	2524
Xerox	2525
Xerox	2526
Xerox	2527
Xerox	2528
Xerox	2529
Xerox	253
Xerox	2530
Xerox	2531
Xerox	2532
Xerox	2533
Xerox	2534
Xerox	2535
Xerox	2536
Xerox	2537
Xerox	2538
Xerox	2539
Xerox	254
Xerox	2540
Xerox	2541
Xerox	2542
Xerox	2543
Xerox	2544
Xerox	2545
Xerox	2546
Xerox	2547
Xerox	2548
Xerox	2549
Xerox	255
Xerox	2550
Xerox	2551
Xerox	2552
Xerox	2553
Xerox	2554
Xerox	2555
Xerox	2556
Xerox	2557
Xerox	2558
Xerox	2559
Xerox	256
Xerox	2560
Xerox	2561
Xerox	2562
Xerox	2563
Xerox	2564
Xerox	2565
Xerox	2566
Xerox	2567
Xerox	2568
Xerox	2569
Xerox	257
Xerox	2570
Xerox	2571
Xerox	2572
Xerox	2573
Xerox	2574
Xerox	2575
Xerox	2576
Xerox	2577
Xerox	2578
Xerox	2579
Xerox	258
Xerox	2580
Xerox	2581
Xerox	2582
Xerox	2583
Xerox	2584
Xerox	2585
Xerox	2586
Xerox	2587
Xerox	2588
Xerox	2589
Xerox	259
Xerox	2590
Xerox	2591
Xerox	2592
Xerox	2593
Xerox	2594
Xerox	2595
Xerox	2596
Xerox	2597
Xerox	2598
Xerox	2599
Xerox	26
Xerox	260
Xerox	2600
Xerox	2601
Xerox	2602
Xerox	2603
Xerox	2604
Xerox	2605
Xerox	2606
Xerox	2607
Xerox	2608
Xerox	2609
Xerox	261
Xerox	2610
Xerox	2611
Xerox	2612
Xerox	2613
Xerox	2614
Xerox	2615
Xerox	2616
Xerox	2617
Xerox	2618
Xerox	2619
Xerox	262
Xerox	2620
Xerox	2621
Xerox	2622
Xerox	2623
Xerox	2624
Xerox	2625
Xerox	2626
Xerox	2627
Xerox	2628
Xerox	2629
Xerox	263
Xerox	2630
Xerox	2631
Xerox	2632
Xerox	2633
Xerox	2634
Xerox	2635
Xerox	2636
Xerox	2637
Xerox	2638
Xerox	2639
Xerox	264
Xerox	2640
Xerox	2641
Xerox	2642
Xerox	2643
Xerox	2644
Xerox	2645
Xerox	2646
Xerox	2647
Xerox	2648
Xerox	2649
Xerox	265
Xerox	2650
Xerox	2651
Xerox	2652
Xerox	2653
Xerox	2654
Xerox	2655
Xerox	2656
Xerox	2657
Xerox	2658
Xerox	2659
Xerox	266
Xerox	2660
Xerox	2661
Xerox	2662
Xerox	2663
Xerox	2664
Xerox	2665
Xerox	2666
Xerox	2667
Xerox	2668
Xerox	2669
Xerox	267
Xerox	2670
Xerox	2671
Xerox	2672
Xerox	2673
Xerox	2674
Xerox	2675
Xerox	2676
Xerox	2677
Xerox	2678
Xerox	2679
Xerox	268
Xerox	2680
Xerox	2681
Xerox	2682
Xerox	2683
Xerox	2684
Xerox	2685
Xerox	2686
Xerox	2687
Xerox	2688
Xerox	2689
Xerox	269
Xerox	2690
Xerox	2691
Xerox	2692
Xerox	2693
Xerox	2694
Xerox	2695
Xerox	2696
Xerox	2697
Xerox	2698
Xerox	2699
Xerox	27
Xerox	270
Xerox	2700
Xerox	2701
Xerox	2702
Xerox	2703
Xerox	2704
Xerox	2705
Xerox	2706
Xerox	2707
Xerox	2708
Xerox	2709
Xerox	271
Xerox	2710
Xerox	2711
Xerox	2712
Xerox	2713
Xerox	2714
Xerox	2715
Xerox	2716
Xerox	2717
Xerox	2718
Xerox	2719
Xerox	272
Xerox	2720
Xerox	2721
Xerox	2722
Xerox	2723
Xerox	2724
Xerox	2725
Xerox	2726
Xerox	2727
Xerox	2728
Xerox	2729
Xerox	273
Xerox	2730
Xerox	2731
Xerox	2732
Xerox	2733
Xerox	2734
Xerox	2735
Xerox	2736
Xerox	2737
Xerox	2738
Xerox	2739
Xerox	274
Xerox	2740
Xerox	2741
Xerox	2742
Xerox	2743
Xerox	2744
Xerox	2745
Xerox	2746
Xerox	2747
Xerox	2748
Xerox	2749
Xerox	275
Xerox	2750
Xerox	2751
Xerox	2752
Xerox	2753
Xerox	2754
Xerox	2755
Xerox	2756
Xerox	2757
Xerox	2758
Xerox	2759
Xerox	276
Xerox	2760
Xerox	2761
Xerox	2762
Xerox	2763
Xerox	2764
Xerox	2765
Xerox	2766
Xerox	2767
Xerox	2768
Xerox	2769
Xerox	277
Xerox	2770
Xerox	2771
Xerox	2772
Xerox	2773
Xerox	2774
Xerox	2775
Xerox	2776
Xerox	2777
Xerox	2778
Xerox	2779
Xerox	278
Xerox	2780
Xerox	2781
Xerox	2782
Xerox	2783
Xerox	2784
Xerox	2785
Xerox	2786
Xerox	2787
Xerox	2788
Xerox	2789
Xerox	279
Xerox	2790
Xerox	2791
Xerox	2792
Xerox	2793
Xerox	2794
Xerox	2795
Xerox	2796
Xerox	2797
Xerox	2798
Xerox	2799
Xerox	28
Xerox	280
Xerox	2800
Xerox	2801
Xerox	2802
Xerox	2803
Xerox	2804
Xerox	2805
Xerox	2806
Xerox	2807
Xerox	2808
Xerox	2809
Xerox	281
Xerox	2810
Xerox	2811
Xerox	2812
Xerox	2813
Xerox	2814
Xerox	2815
Xerox	2816
Xerox	2817
Xerox	2818
Xerox	2819
Xerox	282
Xerox	2820
Xerox	2821
Xerox	2822
Xerox	2823
Xerox	2824
Xerox	2825
Xerox	2826
Xerox	2827
Xerox	2828
Xerox	2829
Xerox	283
Xerox	2830
Xerox	2831
Xerox	2832
Xerox	2833
Xerox	2834
Xerox	2835
Xerox	2836
Xerox	2837
Xerox	2838
Xerox	2839
Xerox	284
Xerox	2840
Xerox	2841
Xerox	2842
Xerox	2843
Xerox	2844
Xerox	2845
Xerox	2846
Xerox	2847
Xerox	2848
Xerox	2849
Xerox	285
Xerox	2850
Xerox	2851
Xerox	2852
Xerox	2853
Xerox	2854
Xerox	2855
Xerox	2856
Xerox	2857
Xerox	2858
Xerox	2859
Xerox	286
Xerox	2860
Xerox	2861
Xerox	2862
Xerox	2863
Xerox	2864
Xerox	2865
Xerox	2866
Xerox	2867
Xerox	2868
Xerox	2869
Xerox	287
Xerox	2870
Xerox	2871
Xerox	2872
Xerox	2873
Xerox	2874
Xerox	2875
Xerox	2876
Xerox	2877
Xerox	2878
Xerox	2879
Xerox	288
Xerox	2880
Xerox	2881
Xerox	2882
Xerox	2883
Xerox	2884
Xerox	2885
Xerox	2886
Xerox	2887
Xerox	2888
Xerox	2889
Xerox	289
Xerox	2890
Xerox	2891
Xerox	2892
Xerox	2893
Xerox	2894
Xerox	2895
Xerox	2896
Xerox	2897
Xerox	2898
Xerox	2899
Xerox	29
Xerox	290
Xerox	2900
Xerox	2901
Xerox	2902
Xerox	2903
Xerox	2904
Xerox	2905
Xerox	2906
Xerox	2907
Xerox	2908
Xerox	2909
Xerox	291
Xerox	2910
Xerox	2911
Xerox	2912
Xerox	2913
Xerox	2914
Xerox	2915
Xerox	2916
Xerox	2917
Xerox	2918
Xerox	2919
Xerox	292
Xerox	2920
Xerox	2921
Xerox	2922
Xerox	2923
Xerox	2924
Xerox	2925
Xerox	2926
Xerox	2927
Xerox	2928
Xerox	2929
Xerox	293
Xerox	2930
Xerox	2931
Xerox	2932
Xerox	2933
Xerox	2934
Xerox	2935
Xerox	2936
Xerox	2937
Xerox	2938
Xerox	2939
Xerox	294
Xerox	2940
Xerox	2941
Xerox	2942
Xerox	2943
Xerox	2944
Xerox	2945
Xerox	2946
Xerox	2947
Xerox	2948
Xerox	2949
Xerox	295
Xerox	2950
Xerox	2951
Xerox	2952
Xerox	2953
Xerox	2954
Xerox	2955
Xerox	2956
Xerox	2957
Xerox	2958
Xerox	2959
Xerox	296
Xerox	2960
Xerox	2961
Xerox	2962
Xerox	2963
Xerox	2964
Xerox	2965
Xerox	2966
Xerox	2967
Xerox	2968
Xerox	2969
Xerox	297
Xerox	2970
Xerox	2971
Xerox	2972
Xerox	2973
Xerox	2974
Xerox	2975
Xerox	2976
Xerox	2977
Xerox	2978
Xerox	2979
Xerox	298
Xerox	2980
Xerox	2981
Xerox	2982
Xerox	2983
Xerox	2984
Xerox	2985
Xerox	2986
Xerox	2987
Xerox	2988
Xerox	2989
Xerox	299
Xerox	2990
Xerox	2991
Xerox	2992
Xerox	2993
Xerox	2994
Xerox	2995
Xerox	2996
Xerox	2997
Xerox	2998
Xerox	2999
Xerox	3
Xerox	30
Xerox	300
Xerox	3000
Xerox	3001
Xerox	3002
Xerox	3003
Xerox	3004
Xerox	3005
Xerox	3006
Xerox	3007
Xerox	3008
Xerox	3009
Xerox	301
Xerox	3010
Xerox	3011
Xerox	3012
Xerox	3013
Xerox	3014
Xerox	3015
Xerox	3016
Xerox	3017
Xerox	3018
Xerox	3019
Xerox	302
Xerox	3020
Xerox	3021
Xerox	3022
Xerox	3023
Xerox	3024
Xerox	3025
Xerox	3026
Xerox	3027
Xerox	3028
Xerox	3029
Xerox	303
Xerox	3030
Xerox	3031
Xerox	3032
Xerox	3033
Xerox	3034
Xerox	3035
Xerox	3036
Xerox	3037
Xerox	3038
Xerox	3039
Xerox	304
Xerox	3040
Xerox	3041
Xerox	3042
Xerox	3043
Xerox	3044
Xerox	3045
Xerox	3046
Xerox	3047
Xerox	3048
Xerox	3049
Xerox	305
Xerox	3050
Xerox	3051
Xerox	3052
Xerox	3053
Xerox	3054
Xerox	3055
Xerox	3056
Xerox	3057
Xerox	3058
Xerox	3059
Xerox	306
Xerox	3060
Xerox	3061
Xerox	3062
Xerox	3063
Xerox	3064
Xerox	3065
Xerox	3066
Xerox	3067
Xerox	3068
Xerox	3069
Xerox	307
Xerox	3070
Xerox	3071
Xerox	3072
Xerox	3073
Xerox	3074
Xerox	3075
Xerox	3076
Xerox	3077
Xerox	3078
Xerox	3079
Xerox	308
Xerox	3080
Xerox	3081
Xerox	3082
Xerox	3083
Xerox	3084
Xerox	3085
Xerox	3086
Xerox	3087
Xerox	3088
Xerox	3089
Xerox	309
Xerox	3090
Xerox	3091
Xerox	3092
Xerox	3093
Xerox	3094
Xerox	3095
Xerox	3096
Xerox	3097
Xerox	3098
Xerox	3099
Xerox	31
Xerox	310
Xerox	3100
Xerox	3101
Xerox	3102
Xerox	3103
Xerox	3104
Xerox	3105
Xerox	3106
Xerox	3107
Xerox	3108
Xerox	3109
Xerox	311
Xerox	3110
Xerox	3111
Xerox	3112
Xerox	3113
Xerox	3114
Xerox	3115
Xerox	3116
Xerox	3117
Xerox	3118
Xerox	3119
Xerox	312
Xerox	3120
Xerox	3121
Xerox	3122
Xerox	3123
Xerox	3124
Xerox	3125
Xerox	3126
Xerox	3127
Xerox	3128
Xerox	3129
Xerox	313
Xerox	3130
Xerox	3131
Xerox	3132
Xerox	3133
Xerox	3134
Xerox	3135
Xerox	3136
Xerox	3137
Xerox	3138
Xerox	3139
Xerox	314
Xerox	3140
Xerox	3141
Xerox	3142
Xerox	3143
Xerox	3144
Xerox	3145
Xerox	3146
Xerox	3147
Xerox	3148
Xerox	3149
Xerox	315
Xerox	3150
Xerox	3151
Xerox	3152
Xerox	3153
Xerox	3154
Xerox	3155
Xerox	3156
Xerox	3157
Xerox	3158
Xerox	3159
Xerox	316
Xerox	3160
Xerox	3161
Xerox	3162
Xerox	3163
Xerox	3164
Xerox	3165
Xerox	3166
Xerox	3167
Xerox	3168
Xerox	3169
Xerox	317
Xerox	3170
Xerox	3171
Xerox	3172
Xerox	3173
Xerox	3174
Xerox	3175
Xerox	3176
Xerox	3177
Xerox	3178
Xerox	3179
Xerox	318
Xerox	3180
Xerox	3181
Xerox	3182
Xerox	3183
Xerox	3184
Xerox	3185
Xerox	3186
Xerox	3187
Xerox	3188
Xerox	3189
Xerox	319
Xerox	3190
Xerox	3191
Xerox	3192
Xerox	3193
Xerox	3194
Xerox	3195
Xerox	3196
Xerox	3197
Xerox	3198
Xerox	3199
Xerox	32
Xerox	320
Xerox	3200
Xerox	3201
Xerox	3202
Xerox	3203
Xerox	3204
Xerox	3205
Xerox	3206
Xerox	3207
Xerox	3208
Xerox	3209
Xerox	321
Xerox	3210
Xerox	3211
Xerox	3212
Xerox	3213
Xerox	3214
Xerox	3215
Xerox	3216
Xerox	3217
Xerox	3218
Xerox	3219
Xerox	322
Xerox	3220
Xerox	3221
Xerox	3222
Xerox	3223
Xerox	3224
Xerox	3225
Xerox	3226
Xerox	3227
Xerox	3228
Xerox	3229
Xerox	323
Xerox	3230
Xerox	3231
Xerox	3232
Xerox	3233
Xerox	3234
Xerox	3235
Xerox	3236
Xerox	3237
Xerox	3238
Xerox	3239
Xerox	324
Xerox	3240
Xerox	3241
Xerox	3242
Xerox	3243
Xerox	3244
Xerox	3245
Xerox	3246
Xerox	3247
Xerox	3248
Xerox	3249
Xerox	325
Xerox	3250
Xerox	3251
Xerox	3252
Xerox	3253
Xerox	3254
Xerox	3255
Xerox	3256
Xerox	3257
Xerox	3258
Xerox	3259
Xerox	326
Xerox	3260
Xerox	3261
Xerox	3262
Xerox	3263
Xerox	3264
Xerox	3265
Xerox	3266
Xerox	3267
Xerox	3268
Xerox	3269
Xerox	327
Xerox	3270
Xerox	3271
Xerox	3272
Xerox	3273
Xerox	3274
Xerox	3275
Xerox	3276
Xerox	3277
Xerox	3278
Xerox	3279
Xerox	328
Xerox	3280
Xerox	3281
Xerox	3282
Xerox	3283
Xerox	3284
Xerox	3285
Xerox	3286
Xerox	3287
Xerox	3288
Xerox	3289
Xerox	329
Xerox	3290
Xerox	3291
Xerox	3292
Xerox	3293
Xerox	3294
Xerox	3295
Xerox	3296
Xerox	3297
Xerox	3298
Xerox	3299
Xerox	33
Xerox	330
Xerox	3300
Xerox	3301
Xerox	3302
Xerox	3303
Xerox	3304
Xerox	3305
Xerox	3306
Xerox	3307
Xerox	3308
Xerox	3309
Xerox	331
Xerox	3310
Xerox	3311
Xerox	3312
Xerox	3313
Xerox	3314
Xerox	3315
Xerox	3316
Xerox	3317
Xerox	3318
Xerox	3319
Xerox	332
Xerox	3320
Xerox	3321
Xerox	3322
Xerox	3323
Xerox	3324
Xerox	3325
Xerox	3326
Xerox	3327
Xerox	3328
Xerox	3329
Xerox	333
Xerox	3330
Xerox	3331
Xerox	3332
Xerox	3333
Xerox	3334
Xerox	3335
Xerox	3336
Xerox	3337
Xerox	3338
Xerox	3339
Xerox	334
Xerox	3340
Xerox	3341
Xerox	3342
Xerox	3343
Xerox	3344
Xerox	3345
Xerox	3346
Xerox	3347
Xerox	3348
Xerox	3349
Xerox	335
Xerox	3350
Xerox	3351
Xerox	3352
Xerox	3353
Xerox	3354
Xerox	3355
Xerox	3356
Xerox	3357
Xerox	3358
Xerox	3359
Xerox	336
Xerox	3360
Xerox	3361
Xerox	3362
Xerox	3363
Xerox	3364
Xerox	3365
Xerox	3366
Xerox	3367
Xerox	3368
Xerox	3369
Xerox	337
Xerox	3370
Xerox	3371
Xerox	3372
Xerox	3373
Xerox	3374
Xerox	3375
Xerox	3376
Xerox	3377
Xerox	3378
Xerox	3379
Xerox	338
Xerox	3380
Xerox	3381
Xerox	3382
Xerox	3383
Xerox	3384
Xerox	3385
Xerox	3386
Xerox	3387
Xerox	3388
Xerox	3389
Xerox	339
Xerox	3390
Xerox	3391
Xerox	3392
Xerox	3393
Xerox	3394
Xerox	3395
Xerox	3396
Xerox	3397
Xerox	3398
Xerox	3399
Xerox	34
Xerox	340
Xerox	3400
Xerox	3401
Xerox	3402
Xerox	3403
Xerox	3404
Xerox	3405
Xerox	3406
Xerox	3407
Xerox	3408
Xerox	3409
Xerox	341
Xerox	3410
Xerox	3411
Xerox	3412
Xerox	3413
Xerox	3414
Xerox	3415
Xerox	3416
Xerox	3417
Xerox	3418
Xerox	3419
Xerox	342
Xerox	3420
Xerox	3421
Xerox	3422
Xerox	3423
Xerox	3424
Xerox	3425
Xerox	3426
Xerox	3427
Xerox	3428
Xerox	3429
Xerox	343
Xerox	3430
Xerox	3431
Xerox	3432
Xerox	3433
Xerox	3434
Xerox	3435
Xerox	3436
Xerox	3437
Xerox	3438
Xerox	3439
Xerox	344
Xerox	3440
Xerox	3441
Xerox	3442
Xerox	3443
Xerox	3444
Xerox	3445
Xerox	3446
Xerox	3447
Xerox	3448
Xerox	3449
Xerox	345
Xerox	3450
Xerox	3451
Xerox	3452
Xerox	3453
Xerox	3454
Xerox	3455
Xerox	3456
Xerox	3457
Xerox	3458
Xerox	3459
Xerox	346
Xerox	3460
Xerox	3461
Xerox	3462
Xerox	3463
Xerox	3464
Xerox	3465
Xerox	3466
Xerox	3467
Xerox	3468
Xerox	3469
Xerox	347
Xerox	3470
Xerox	3471
Xerox	3472
Xerox	3473
Xerox	3474
Xerox	3475
Xerox	3476
Xerox	3477
Xerox	3478
Xerox	3479
Xerox	348
Xerox	3480
Xerox	3481
Xerox	3482
Xerox	3483
Xerox	3484
Xerox	3485
Xerox	3486
Xerox	3487
Xerox	3488
Xerox	3489
Xerox	349
Xerox	3490
Xerox	3491
Xerox	3492
Xerox	3493
Xerox	3494
Xerox	3495
Xerox	3496
Xerox	3497
Xerox	3498
Xerox	3499
Xerox	35
Xerox	350
Xerox	3500
Xerox	3501
Xerox	3502
Xerox	3503
Xerox	3504
Xerox	3505
Xerox	3506
Xerox	3507
Xerox	3508
Xerox	3509
Xerox	351
Xerox	3510
Xerox	3511
Xerox	3512
Xerox	3513
Xerox	3514
Xerox	3515
Xerox	3516
Xerox	3517
Xerox	3518
Xerox	3519
Xerox	352
Xerox	3520
Xerox	3521
Xerox	3522
Xerox	3523
Xerox	3524
Xerox	3525
Xerox	3526
Xerox	3527
Xerox	3528
Xerox	3529
Xerox	353
Xerox	3530
Xerox	3531
Xerox	3532
Xerox	3533
Xerox	3534
Xerox	3535
Xerox	3536
Xerox	3537
Xerox	3538
Xerox	3539
Xerox	354
Xerox	3540
Xerox	3541
Xerox	3542
Xerox	3543
Xerox	3544
Xerox	3545
Xerox	3546
Xerox	3547
Xerox	3548
Xerox	3549
Xerox	355
Xerox	3550
Xerox	3551
Xerox	3552
Xerox	3553
Xerox	3554
Xerox	3555
Xerox	3556
Xerox	3557
Xerox	3558
Xerox	3559
Xerox	356
Xerox	3560
Xerox	3561
Xerox	3562
Xerox	3563
Xerox	3564
Xerox	3565
Xerox	3566
Xerox	3567
Xerox	3568
Xerox	3569
Xerox	357
Xerox	3570
Xerox	3571
Xerox	3572
Xerox	3573
Xerox	3574
Xerox	3575
Xerox	3576
Xerox	3577
Xerox	3578
Xerox	3579
Xerox	358
Xerox	3580
Xerox	3581
Xerox	3582
Xerox	3583
Xerox	3584
Xerox	3585
Xerox	3586
Xerox	3587
Xerox	3588
Xerox	3589
Xerox	359
Xerox	3590
Xerox	3591
Xerox	3592
Xerox	3593
Xerox	3594
Xerox	3595
Xerox	3596
Xerox	3597
Xerox	3598
Xerox	3599
Xerox	36
Xerox	360
Xerox	3600
Xerox	3601
Xerox	3602
Xerox	3603
Xerox	3604
Xerox	3605
Xerox	3606
Xerox	3607
Xerox	3608
Xerox	3609
Xerox	361
Xerox	3610
Xerox	3611
Xerox	3612
Xerox	3613
Xerox	3614
Xerox	3615
Xerox	3616
Xerox	3617
Xerox	3618
Xerox	3619
Xerox	362
Xerox	3620
Xerox	3621
Xerox	3622
Xerox	3623
Xerox	3624
Xerox	3625
Xerox	3626
Xerox	3627
Xerox	3628
Xerox	3629
Xerox	363
Xerox	3630
Xerox	3631
Xerox	3632
Xerox	3633
Xerox	3634
Xerox	3635
Xerox	3636
Xerox	3637
Xerox	3638
Xerox	3639
Xerox	364
Xerox	3640
Xerox	3641
Xerox	3642
Xerox	3643
Xerox	3644
Xerox	3645
Xerox	3646
Xerox	3647
Xerox	3648
Xerox	3649
Xerox	365
Xerox	3650
Xerox	3651
Xerox	3652
Xerox	3653
Xerox	3654
Xerox	3655
Xerox	3656
Xerox	3657
Xerox	3658
Xerox	3659
Xerox	366
Xerox	3660
Xerox	3661
Xerox	3662
Xerox	3663
Xerox	3664
Xerox	3665
Xerox	3666
Xerox	3667
Xerox	3668
Xerox	3669
Xerox	367
Xerox	3670
Xerox	3671
Xerox	3672
Xerox	3673
Xerox	3674
Xerox	3675
Xerox	3676
Xerox	3677
Xerox	3678
Xerox	3679
Xerox	368
Xerox	3680
Xerox	3681
Xerox	3682
Xerox	3683
Xerox	3684
Xerox	3685
Xerox	3686
Xerox	3687
Xerox	3688
Xerox	3689
Xerox	369
Xerox	3690
Xerox	3691
Xerox	3692
Xerox	3693
Xerox	3694
Xerox	3695
Xerox	3696
Xerox	3697
Xerox	3698
Xerox	3699
Xerox	37
Xerox	370
Xerox	3700
Xerox	3701
Xerox	3702
Xerox	3703
Xerox	3704
Xerox	3705
Xerox	3706
Xerox	3707
Xerox	3708
Xerox	3709
Xerox	371
Xerox	3710
Xerox	3711
Xerox	3712
Xerox	3713
Xerox	3714
Xerox	3715
Xerox	3716
Xerox	3717
Xerox	3718
Xerox	3719
Xerox	372
Xerox	3720
Xerox	3721
Xerox	3722
Xerox	3723
Xerox	3724
Xerox	3725
Xerox	3726
Xerox	3727
Xerox	3728
Xerox	3729
Xerox	373
Xerox	3730
Xerox	3731
Xerox	3732
Xerox	3733
Xerox	3734
Xerox	3735
Xerox	3736
Xerox	3737
Xerox	3738
Xerox	3739
Xerox	374
Xerox	3740
Xerox	3741
Xerox	3742
Xerox	3743
Xerox	3744
Xerox	3745
Xerox	3746
Xerox	3747
Xerox	3748
Xerox	3749
Xerox	375
Xerox	3750
Xerox	3751
Xerox	3752
Xerox	3753
Xerox	3754
Xerox	3755
Xerox	3756
Xerox	3757
Xerox	3758
Xerox	3759
Xerox	376
Xerox	3760
Xerox	3761
Xerox	3762
Xerox	3763
Xerox	3764
Xerox	3765
Xerox	3766
Xerox	3767
Xerox	3768
Xerox	3769
Xerox	377
Xerox	3770
Xerox	3771
Xerox	3772
Xerox	3773
Xerox	3774
Xerox	3775
Xerox	3776
Xerox	3777
Xerox	3778
Xerox	3779
Xerox	378
Xerox	3780
Xerox	3781
Xerox	3782
Xerox	3783
Xerox	3784
Xerox	3785
Xerox	3786
Xerox	3787
Xerox	3788
Xerox	3789
Xerox	379
Xerox	3790
Xerox	3791
Xerox	3792
Xerox	3793
Xerox	3794
Xerox	3795
Xerox	3796
Xerox	3797
Xerox	3798
Xerox	3799
Xerox	38
Xerox	380
Xerox	3800
Xerox	3801
Xerox	3802
Xerox	3803
Xerox	3804
Xerox	3805
Xerox	3806
Xerox	3807
Xerox	3808
Xerox	3809
Xerox	381
Xerox	3810
Xerox	3811
Xerox	3812
Xerox	3813
Xerox	3814
Xerox	3815
Xerox	3816
Xerox	3817
Xerox	3818
Xerox	3819
Xerox	382
Xerox	3820
Xerox	3821
Xerox	3822
Xerox	3823
Xerox	3824
Xerox	3825
Xerox	3826
Xerox	3827
Xerox	3828
Xerox	3829
Xerox	383
Xerox	3830
Xerox	3831
Xerox	3832
Xerox	3833
Xerox	3834
Xerox	3835
Xerox	3836
Xerox	3837
Xerox	3838
Xerox	3839
Xerox	384
Xerox	3840
Xerox	3841
Xerox	3842
Xerox	3843
Xerox	3844
Xerox	3845
Xerox	3846
Xerox	3847
Xerox	3848
Xerox	3849
Xerox	385
Xerox	3850
Xerox	3851
Xerox	3852
Xerox	3853
Xerox	3854
Xerox	3855
Xerox	3856
Xerox	3857
Xerox	3858
Xerox	3859
Xerox	386
Xerox	3860
Xerox	3861
Xerox	3862
Xerox	3863
Xerox	3864
Xerox	3865
Xerox	3866
Xerox	3867
Xerox	3868
Xerox	3869
Xerox	387
Xerox	3870
Xerox	3871
Xerox	3872
Xerox	3873
Xerox	3874
Xerox	3875
Xerox	3876
Xerox	3877
Xerox	3878
Xerox	3879
Xerox	388
Xerox	3880
Xerox	3881
Xerox	3882
Xerox	3883
Xerox	3884
Xerox	3885
Xerox	3886
Xerox	3887
Xerox	3888
Xerox	3889
Xerox	389
Xerox	3890
Xerox	3891
Xerox	3892
Xerox	3893
Xerox	3894
Xerox	3895
Xerox	3896
Xerox	3897
Xerox	3898
Xerox	3899
Xerox	39
Xerox	390
Xerox	3900
Xerox	3901
Xerox	3902
Xerox	3903
Xerox	3904
Xerox	3905
Xerox	3906
Xerox	3907
Xerox	3908
Xerox	3909
Xerox	391
Xerox	3910
Xerox	3911
Xerox	3912
Xerox	3913
Xerox	3914
Xerox	3915
Xerox	3916
Xerox	3917
Xerox	3918
Xerox	3919
Xerox	392
Xerox	3920
Xerox	3921
Xerox	3922
Xerox	3923
Xerox	3924
Xerox	3925
Xerox	3926
Xerox	3927
Xerox	3928
Xerox	3929
Xerox	393
Xerox	3930
Xerox	3931
Xerox	3932
Xerox	3933
Xerox	3934
Xerox	3935
Xerox	3936
Xerox	3937
Xerox	3938
Xerox	3939
Xerox	394
Xerox	3940
Xerox	3941
Xerox	3942
Xerox	3943
Xerox	3944
Xerox	3945
Xerox	3946
Xerox	3947
Xerox	3948
Xerox	3949
Xerox	395
Xerox	3950
Xerox	3951
Xerox	3952
Xerox	3953
Xerox	3954
Xerox	3955
Xerox	3956
Xerox	3957
Xerox	3958
Xerox	3959
Xerox	396
Xerox	3960
Xerox	3961
Xerox	3962
Xerox	3963
Xerox	3964
Xerox	3965
Xerox	3966
Xerox	3967
Xerox	3968
Xerox	3969
Xerox	397
Xerox	3970
Xerox	3971
Xerox	3972
Xerox	3973
Xerox	3974
Xerox	3975
Xerox	3976
Xerox	3977
Xerox	3978
Xerox	3979
Xerox	398
Xerox	3980
Xerox	3981
Xerox	3982
Xerox	3983
Xerox	3984
Xerox	3985
Xerox	3986
Xerox	3987
Xerox	3988
Xerox	3989
Xerox	399
Xerox	3990
Xerox	3991
Xerox	3992
Xerox	3993
Xerox	3994
Xerox	3995
Xerox	3996
Xerox	3997
Xerox	3998
Xerox	3999
Xerox	4
Xerox	40
Xerox	400
Xerox	4000
Xerox	4001
Xerox	4002
Xerox	4003
Xerox	4004
Xerox	4005
Xerox	4006
Xerox	4007
Xerox	4008
Xerox	4009
Xerox	401
Xerox	4010
Xerox	4011
Xerox	4012
Xerox	4013
Xerox	4014
Xerox	4015
Xerox	4016
Xerox	4017
Xerox	4018
Xerox	4019
Xerox	402
Xerox	4020
Xerox	4021
Xerox	4022
Xerox	4023
Xerox	4024
Xerox	4025
Xerox	4026
Xerox	4027
Xerox	4028
Xerox	4029
Xerox	403
Xerox	4030
Xerox	4031
Xerox	4032
Xerox	4033
Xerox	4034
Xerox	4035
Xerox	4036
Xerox	4037
Xerox	4038
Xerox	4039
Xerox	404
Xerox	4040
Xerox	4041
Xerox	4042
Xerox	4043
Xerox	4044
Xerox	4045
Xerox	4046
Xerox	4047
Xerox	4048
Xerox	4049
Xerox	405
Xerox	4050
Xerox	4051
Xerox	4052
Xerox	4053
Xerox	4054
Xerox	4055
Xerox	4056
Xerox	4057
Xerox	4058
Xerox	4059
Xerox	406
Xerox	4060
Xerox	4061
Xerox	4062
Xerox	4063
Xerox	4064
Xerox	4065
Xerox	4066
Xerox	4067
Xerox	4068
Xerox	4069
Xerox	407
Xerox	4070
Xerox	4071
Xerox	4072
Xerox	4073
Xerox	4074
Xerox	4075
Xerox	4076
Xerox	4077
Xerox	4078
Xerox	4079
Xerox	408
Xerox	4080
Xerox	4081
Xerox	4082
Xerox	4083
Xerox	4084
Xerox	4085
Xerox	4086
Xerox	4087
Xerox	4088
Xerox	4089
Xerox	409
Xerox	4090
Xerox	4091
Xerox	4092
Xerox	4093
Xerox	4094
Xerox	4095
Xerox	4096
Xerox	4097
Xerox	4098
Xerox	4099
Xerox	41
Xerox	410
Xerox	4100
Xerox	4101
Xerox	4102
Xerox	4103
Xerox	4104
Xerox	4105
Xerox	4106
Xerox	4107
Xerox	4108
Xerox	4109
Xerox	411
Xerox	4110
Xerox	4111
Xerox	4112
Xerox	4113
Xerox	4114
Xerox	4115
Xerox	4116
Xerox	4117
Xerox	4118
Xerox	4119
Xerox	412
Xerox	4120
Xerox	4121
Xerox	4122
Xerox	4123
Xerox	4124
Xerox	4125
Xerox	4126
Xerox	4127
Xerox	4128
Xerox	4129
Xerox	413
Xerox	4130
Xerox	4131
Xerox	4132
Xerox	4133
Xerox	4134
Xerox	4135
Xerox	4136
Xerox	4137
Xerox	4138
Xerox	4139
Xerox	414
Xerox	4140
Xerox	4141
Xerox	4142
Xerox	4143
Xerox	4144
Xerox	4145
Xerox	4146
Xerox	4147
Xerox	4148
Xerox	4149
Xerox	415
Xerox	4150
Xerox	4151
Xerox	4152
Xerox	4153
Xerox	4154
Xerox	4155
Xerox	4156
Xerox	4157
Xerox	4158
Xerox	4159
Xerox	416
Xerox	4160
Xerox	4161
Xerox	4162
Xerox	4163
Xerox	4164
Xerox	4165
Xerox	4166
Xerox	4167
Xerox	4168
Xerox	4169
Xerox	417
Xerox	4170
Xerox	4171
Xerox	4172
Xerox	4173
Xerox	4174
Xerox	4175
Xerox	4176
Xerox	4177
Xerox	4178
Xerox	4179
Xerox	418
Xerox	4180
Xerox	4181
Xerox	4182
Xerox	4183
Xerox	4184
Xerox	4185
Xerox	4186
Xerox	4187
Xerox	4188
Xerox	4189
Xerox	419
Xerox	4190
Xerox	4191
Xerox	4192
Xerox	4193
Xerox	4194
Xerox	4195
Xerox	4196
Xerox	4197
Xerox	4198
Xerox	4199
Xerox	42
Xerox	420
Xerox	4200
Xerox	4201
Xerox	4202
Xerox	4203
Xerox	4204
Xerox	4205
Xerox	4206
Xerox	4207
Xerox	4208
Xerox	4209
Xerox	421
Xerox	4210
Xerox	4211
Xerox	4212
Xerox	4213
Xerox	4214
Xerox	4215
Xerox	4216
Xerox	4217
Xerox	4218
Xerox	4219
Xerox	422
Xerox	4220
Xerox	4221
Xerox	4222
Xerox	4223
Xerox	4224
Xerox	4225
Xerox	4226
Xerox	4227
Xerox	4228
Xerox	4229
Xerox	423
Xerox	4230
Xerox	4231
Xerox	4232
Xerox	4233
Xerox	4234
Xerox	4235
Xerox	4236
Xerox	4237
Xerox	4238
Xerox	4239
Xerox	424
Xerox	4240
Xerox	4241
Xerox	4242
Xerox	4243
Xerox	4244
Xerox	4245
Xerox	4246
Xerox	4247
Xerox	4248
Xerox	4249
Xerox	425
Xerox	4250
Xerox	4251
Xerox	4252
Xerox	4253
Xerox	4254
Xerox	4255
Xerox	4256
Xerox	4257
Xerox	4258
Xerox	4259
Xerox	426
Xerox	4260
Xerox	4261
Xerox	4262
Xerox	4263
Xerox	4264
Xerox	4265
Xerox	4266
Xerox	4267
Xerox	4268
Xerox	4269
Xerox	427
Xerox	4270
Xerox	4271
Xerox	4272
Xerox	4273
Xerox	4274
Xerox	4275
Xerox	4276
Xerox	4277
Xerox	4278
Xerox	4279
Xerox	428
Xerox	4280
Xerox	4281
Xerox	4282
Xerox	4283
Xerox	4284
Xerox	4285
Xerox	4286
Xerox	4287
Xerox	4288
Xerox	4289
Xerox	429
Xerox	4290
Xerox	4291
Xerox	4292
Xerox	4293
Xerox	4294
Xerox	4295
Xerox	4296
Xerox	4297
Xerox	4298
Xerox	4299
Xerox	43
Xerox	430
Xerox	4300
Xerox	4301
Xerox	4302
Xerox	4303
Xerox	4304
Xerox	4305
Xerox	4306
Xerox	4307
Xerox	4308
Xerox	4309
Xerox	431
Xerox	4310
Xerox	4311
Xerox	4312
Xerox	4313
Xerox	4314
Xerox	4315
Xerox	4316
Xerox	4317
Xerox	4318
Xerox	4319
Xerox	432
Xerox	4320
Xerox	4321
Xerox	4322
Xerox	4323
Xerox	4324
Xerox	4325
Xerox	4326
Xerox	4327
Xerox	4328
Xerox	4329
Xerox	433
Xerox	4330
Xerox	4331
Xerox	4332
Xerox	4333
Xerox	4334
Xerox	4335
Xerox	4336
Xerox	4337
Xerox	4338
Xerox	4339
Xerox	434
Xerox	4340
Xerox	4341
Xerox	4342
Xerox	4343
Xerox	4344
Xerox	4345
Xerox	4346
Xerox	4347
Xerox	4348
Xerox	4349
Xerox	435
Xerox	4350
Xerox	4351
Xerox	4352
Xerox	4353
Xerox	4354
Xerox	4355
Xerox	4356
Xerox	4357
Xerox	4358
Xerox	4359
Xerox	436
Xerox	4360
Xerox	4361
Xerox	4362
Xerox	4363
Xerox	4364
Xerox	4365
Xerox	4366
Xerox	4367
Xerox	4368
Xerox	4369
Xerox	437
Xerox	4370
Xerox	4371
Xerox	4372
Xerox	4373
Xerox	4374
Xerox	4375
Xerox	4376
Xerox	4377
Xerox	4378
Xerox	4379
Xerox	438
Xerox	4380
Xerox	4381
Xerox	4382
Xerox	4383
Xerox	4384
Xerox	4385
Xerox	4386
Xerox	4387
Xerox	4388
Xerox	4389
Xerox	439
Xerox	4390
Xerox	4391
Xerox	4392
Xerox	4393
Xerox	4394
Xerox	4395
Xerox	4396
Xerox	4397
Xerox	4398
Xerox	4399
Xerox	44
Xerox	440
Xerox	4400
Xerox	4401
Xerox	4402
Xerox	4403
Xerox	4404
Xerox	4405
Xerox	4406
Xerox	4407
Xerox	4408
Xerox	4409
Xerox	441
Xerox	4410
Xerox	4411
Xerox	4412
Xerox	4413
Xerox	4414
Xerox	4415
Xerox	4416
Xerox	4417
Xerox	4418
Xerox	4419
Xerox	442
Xerox	4420
Xerox	4421
Xerox	4422
Xerox	4423
Xerox	4424
Xerox	4425
Xerox	4426
Xerox	4427
Xerox	4428
Xerox	4429
Xerox	443
Xerox	4430
Xerox	4431
Xerox	4432
Xerox	4433
Xerox	4434
Xerox	4435
Xerox	4436
Xerox	4437
Xerox	4438
Xerox	4439
Xerox	444
Xerox	4440
Xerox	4441
Xerox	4442
Xerox	4443
Xerox	4444
Xerox	4445
Xerox	4446
Xerox	4447
Xerox	4448
Xerox	4449
Xerox	445
Xerox	4450
Xerox	4451
Xerox	4452
Xerox	4453
Xerox	4454
Xerox	4455
Xerox	4456
Xerox	4457
Xerox	4458
Xerox	4459
Xerox	446
Xerox	4460
Xerox	4461
Xerox	4462
Xerox	4463
Xerox	4464
Xerox	4465
Xerox	4466
Xerox	4467
Xerox	4468
Xerox	4469
Xerox	447
Xerox	4470
Xerox	4471
Xerox	4472
Xerox	4473
Xerox	4474
Xerox	4475
Xerox	4476
Xerox	4477
Xerox	4478
Xerox	4479
Xerox	448
Xerox	4480
Xerox	4481
Xerox	4482
Xerox	4483
Xerox	4484
Xerox	4485
Xerox	4486
Xerox	4487
Xerox	4488
Xerox	4489
Xerox	449
Xerox	4490
Xerox	4491
Xerox	4492
Xerox	4493
Xerox	4494
Xerox	4495
Xerox	4496
Xerox	4497
Xerox	4498
Xerox	4499
Xerox	45
Xerox	450
Xerox	4500
Xerox	4501
Xerox	4502
Xerox	4503
Xerox	4504
Xerox	4505
Xerox	4506
Xerox	4507
Xerox	4508
Xerox	4509
Xerox	451
Xerox	4510
Xerox	4511
Xerox	4512
Xerox	4513
Xerox	4514
Xerox	4515
Xerox	4516
Xerox	4517
Xerox	4518
Xerox	4519
Xerox	452
Xerox	4520
Xerox	4521
Xerox	4522
Xerox	4523
Xerox	4524
Xerox	4525
Xerox	4526
Xerox	4527
Xerox	4528
Xerox	4529
Xerox	453
Xerox	4530
Xerox	4531
Xerox	4532
Xerox	4533
Xerox	4534
Xerox	4535
Xerox	4536
Xerox	4537
Xerox	4538
Xerox	4539
Xerox	454
Xerox	4540
Xerox	4541
Xerox	4542
Xerox	4543
Xerox	4544
Xerox	4545
Xerox	4546
Xerox	4547
Xerox	4548
Xerox	4549
Xerox	455
Xerox	4550
Xerox	4551
Xerox	4552
Xerox	4553
Xerox	4554
Xerox	4555
Xerox	4556
Xerox	4557
Xerox	4558
Xerox	4559
Xerox	456
Xerox	4560
Xerox	4561
Xerox	4562
Xerox	4563
Xerox	4564
Xerox	4565
Xerox	4566
Xerox	4567
Xerox	4568
Xerox	4569
Xerox	457
Xerox	4570
Xerox	4571
Xerox	4572
Xerox	4573
Xerox	4574
Xerox	4575
Xerox	4576
Xerox	4577
Xerox	4578
Xerox	4579
Xerox	458
Xerox	4580
Xerox	4581
Xerox	4582
Xerox	4583
Xerox	4584
Xerox	4585
Xerox	4586
Xerox	4587
Xerox	4588
Xerox	4589
Xerox	459
Xerox	4590
Xerox	4591
Xerox	4592
Xerox	4593
Xerox	4594
Xerox	4595
Xerox	46
Xerox	460
Xerox	461
Xerox	462
Xerox	463
Xerox	464
Xerox	465
Xerox	466
Xerox	467
Xerox	468
Xerox	469
Xerox	47
Xerox	470
Xerox	471
Xerox	472
Xerox	473
Xerox	474
Xerox	475
Xerox	476
Xerox	477
Xerox	478
Xerox	479
Xerox	48
Xerox	480
Xerox	481
Xerox	482
Xerox	483
Xerox	484
Xerox	485
Xerox	486
Xerox	487
Xerox	488
Xerox	489
Xerox	49
Xerox	490
Xerox	491
Xerox	492
Xerox	493
Xerox	494
Xerox	495
Xerox	496
Xerox	497
Xerox	498
Xerox	499
Xerox	5
Xerox	50
Xerox	500
Xerox	501
Xerox	502
Xerox	503
Xerox	504
Xerox	505
Xerox	506
Xerox	507
Xerox	508
Xerox	509
Xerox	51
Xerox	510
Xerox	511
Xerox	512
Xerox	513
Xerox	514
Xerox	515
Xerox	516
Xerox	517
Xerox	518
Xerox	519
Xerox	52
Xerox	520
Xerox	521
Xerox	522
Xerox	523
Xerox	524
Xerox	525
Xerox	526
Xerox	527
Xerox	528
Xerox	529
Xerox	53
Xerox	530
Xerox	531
Xerox	532
Xerox	533
Xerox	534
Xerox	535
Xerox	536
Xerox	537
Xerox	538
Xerox	539
Xerox	54
Xerox	540
Xerox	541
Xerox	542
Xerox	543
Xerox	544
Xerox	545
Xerox	546
Xerox	547
Xerox	548
Xerox	549
Xerox	55
Xerox	550
Xerox	551
Xerox	552
Xerox	553
Xerox	554
Xerox	555
Xerox	556
Xerox	557
Xerox	558
Xerox	559
Xerox	56
Xerox	560
Xerox	561
Xerox	562
Xerox	563
Xerox	564
Xerox	565
Xerox	566
Xerox	567
Xerox	568
Xerox	569
Xerox	57
Xerox	570
Xerox	571
Xerox	572
Xerox	573
Xerox	574
Xerox	575
Xerox	576
Xerox	577
Xerox	578
Xerox	579
Xerox	58
Xerox	580
Xerox	581
Xerox	582
Xerox	583
Xerox	584
Xerox	585
Xerox	586
Xerox	587
Xerox	588
Xerox	589
Xerox	59
Xerox	590
Xerox	591
Xerox	592
Xerox	593
Xerox	594
Xerox	595
Xerox	596
Xerox	597
Xerox	598
Xerox	599
Xerox	6
Xerox	60
Xerox	600
Xerox	601
Xerox	602
Xerox	603
Xerox	604
Xerox	605
Xerox	606
Xerox	607
Xerox	608
Xerox	609
Xerox	61
Xerox	610
Xerox	611
Xerox	612
Xerox	613
Xerox	614
Xerox	615
Xerox	616
Xerox	617
Xerox	618
Xerox	619
Xerox	62
Xerox	620
Xerox	621
Xerox	622
Xerox	623
Xerox	624
Xerox	625
Xerox	626
Xerox	627
Xerox	628
Xerox	629
Xerox	63
Xerox	630
Xerox	631
Xerox	632
Xerox	633
Xerox	634
Xerox	635
Xerox	636
Xerox	637
Xerox	638
Xerox	639
Xerox	64
Xerox	640
Xerox	641
Xerox	642
Xerox	643
Xerox	644
Xerox	645
Xerox	646
Xerox	647
Xerox	648
Xerox	649
Xerox	65
Xerox	650
Xerox	651
Xerox	652
Xerox	653
Xerox	654
Xerox	655
Xerox	656
Xerox	657
Xerox	658
Xerox	659
Xerox	66
Xerox	660
Xerox	661
Xerox	662
Xerox	663
Xerox	664
Xerox	665
Xerox	666
Xerox	667
Xerox	668
Xerox	669
Xerox	67
Xerox	670
Xerox	671
Xerox	672
Xerox	673
Xerox	674
Xerox	675
Xerox	676
Xerox	677
Xerox	678
Xerox	679
Xerox	68
Xerox	680
Xerox	681
Xerox	682
Xerox	683
Xerox	684
Xerox	685
Xerox	686
Xerox	687
Xerox	688
Xerox	689
Xerox	69
Xerox	690
Xerox	691
Xerox	692
Xerox	693
Xerox	694
Xerox	695
Xerox	696
Xerox	697
Xerox	698
Xerox	699
Xerox	7
Xerox	70
Xerox	700
Xerox	701
Xerox	702
Xerox	703
Xerox	704
Xerox	705
Xerox	706
Xerox	707
Xerox	708
Xerox	709
Xerox	71
Xerox	710
Xerox	711
Xerox	712
Xerox	713
Xerox	714
Xerox	715
Xerox	716
Xerox	717
Xerox	718
Xerox	719
Xerox	72
Xerox	720
Xerox	721
Xerox	722
Xerox	723
Xerox	724
Xerox	725
Xerox	726
Xerox	727
Xerox	728
Xerox	729
Xerox	73
Xerox	730
Xerox	731
Xerox	732
Xerox	733
Xerox	734
Xerox	735
Xerox	736
Xerox	737
Xerox	738
Xerox	739
Xerox	74
Xerox	740
Xerox	741
Xerox	742
Xerox	743
Xerox	744
Xerox	745
Xerox	746
Xerox	747
Xerox	748
Xerox	749
Xerox	75
Xerox	750
Xerox	751
Xerox	752
Xerox	753
Xerox	754
Xerox	755
Xerox	756
Xerox	757
Xerox	758
Xerox	759
Xerox	76
Xerox	760
Xerox	761
Xerox	762
Xerox	763
Xerox	764
Xerox	765
Xerox	766
Xerox	767
Xerox	768
Xerox	769
Xerox	77
Xerox	770
Xerox	771
Xerox	772
Xerox	773
Xerox	774
Xerox	775
Xerox	776
Xerox	777
Xerox	778
Xerox	779
Xerox	78
Xerox	780
Xerox	781
Xerox	782
Xerox	783
Xerox	784
Xerox	785
Xerox	786
Xerox	787
Xerox	788
Xerox	789
Xerox	79
Xerox	790
Xerox	791
Xerox	792
Xerox	793
Xerox	794
Xerox	795
Xerox	796
Xerox	797
Xerox	798
Xerox	799
Xerox	8
Xerox	80
Xerox	800
Xerox	801
Xerox	802
Xerox	803
Xerox	804
Xerox	805
Xerox	806
Xerox	807
Xerox	808
Xerox	809
Xerox	81
Xerox	810
Xerox	811
Xerox	812
Xerox	813
Xerox	814
Xerox	815
Xerox	816
Xerox	817
Xerox	818
Xerox	819
Xerox	82
Xerox	820
Xerox	821
Xerox	822
Xerox	823
Xerox	824
Xerox	825
Xerox	826
Xerox	827
Xerox	828
Xerox	829
Xerox	83
Xerox	830
Xerox	831
Xerox	832
Xerox	833
Xerox	834
Xerox	835
Xerox	836
Xerox	837
Xerox	838
Xerox	839
Xerox	84
Xerox	840
Xerox	841
Xerox	842
Xerox	843
Xerox	844
Xerox	845
Xerox	846
Xerox	847
Xerox	848
Xerox	849
Xerox	85
Xerox	850
Xerox	851
Xerox	852
Xerox	853
Xerox	854
Xerox	855
Xerox	856
Xerox	857
Xerox	858
Xerox	859
Xerox	86
Xerox	860
Xerox	861
Xerox	862
Xerox	863
Xerox	864
Xerox	865
Xerox	866
Xerox	867
Xerox	868
Xerox	869
Xerox	87
Xerox	870
Xerox	871
Xerox	872
Xerox	873
Xerox	874
Xerox	875
Xerox	876
Xerox	877
Xerox	878
Xerox	879
Xerox	88
Xerox	880
Xerox	881
Xerox	882
Xerox	883
Xerox	884
Xerox	885
Xerox	886
Xerox	887
Xerox	888
Xerox	889
Xerox	89
Xerox	890
Xerox	891
Xerox	892
Xerox	893
Xerox	894
Xerox	895
Xerox	896
Xerox	897
Xerox	898
Xerox	899
Xerox	9
Xerox	90
Xerox	900
Xerox	901
Xerox	902
Xerox	903
Xerox	904
Xerox	905
Xerox	906
Xerox	907
Xerox	908
Xerox	909
Xerox	91
Xerox	910
Xerox	911
Xerox	912
Xerox	913
Xerox	914
Xerox	915
Xerox	916
Xerox	917
Xerox	918
Xerox	919
Xerox	92
Xerox	920
Xerox	921
Xerox	922
Xerox	923
Xerox	924
Xerox	925
Xerox	926
Xerox	927
Xerox	928
Xerox	929
Xerox	93
Xerox	930
Xerox	931
Xerox	932
Xerox	933
Xerox	934
Xerox	935
Xerox	936
Xerox	937
Xerox	938
Xerox	939
Xerox	94
Xerox	940
Xerox	941
Xerox	942
Xerox	943
Xerox	944
Xerox	945
Xerox	946
Xerox	947
Xerox	948
Xerox	949
Xerox	95
Xerox	950
Xerox	951
Xerox	952
Xerox	953
Xerox	954
Xerox	955
Xerox	956
Xerox	957
Xerox	958
Xerox	959
Xerox	96
Xerox	960
Xerox	961
Xerox	962
Xerox	963
Xerox	964
Xerox	965
Xerox	966
Xerox	967
Xerox	968
Xerox	969
Xerox	97
Xerox	970
Xerox	971
Xerox	972
Xerox	973
Xerox	974
Xerox	975
Xerox	976
Xerox	977
Xerox	978
Xerox	979
Xerox	98
Xerox	980
Xerox	981
Xerox	982
Xerox	983
Xerox	984
Xerox	985
Xerox	986
Xerox	987
Xerox	988
Xerox	989
Xerox	99
Xerox	990
Xerox	991
Xerox	992
Xerox	993
Xerox	994
Xerox	995
Xerox	996
Xerox	997
Xerox	998
Xerox	999
